INSERT INTO `produit` (`codart`, `libart`, `stkale`, `stkphy`, `qteann`, `unimes`) VALUES
('B001', 'Bande magnétique 1200', 20, 87, 240, 'unité'),
('B002', 'Bande magnétique 6250', 20, 12, 410, 'unité'),
('D035', 'CD R slim 80 mm', 40, 42, 150, 'B010'),
('D050', 'CD R-W 80 mm', 50, 4, 0, 'B010'),
('I100', 'Papier 1 ex continu', 100, 557, 3500, 'B1000'),
('I105', 'Papier 2 ex continu', 75, 5, 2300, 'B1000'),
('I108', 'Papier 3 ex continu', 200, 557, 3500, 'B500'),
('I110', 'Papier 4 ex continu', 10, 12, 63, 'B400'),
('P220', 'Pré imprimé commande', 500, 2500, 24500, 'B500'),
('P230', 'Pré imrpimé facture', 500, 250, 12500, 'B500'),
('P240', 'Pré imprimé bulletin de paie', 500, 3000, 6250, 'B500'),
('P250', 'Pré imprimé bon livraison', 500, 2500, 24500, 'B500'),
('P270', 'Pré imprimé bon fabrication', 500, 2500, 24500, 'B500'),
('R080', 'Ruban Epson 850', 10, 2, 120, 'unité'),
('R132', 'Ruban imp1200 lignes', 25, 200, 182, 'unité');

INSERT INTO `fournis` (`numfou`, `nomfou`, `ruefou`, `posfou`, `vilfou`, `confou`, `satisf`) VALUES
(120, 'GROBRIGAN', '20 rue du papier', '92200', 'PAPERCITY', 'Georges', 8),
(540, 'ECLIPSE', '53 rue laisse flotter les rubans', '78250', 'BUGBUGVILLE', 'Nestor', 7),
(8700, 'MEDICIS', '120 rue des plantes', '75014', 'PARIS EST MAGIQUE', 'Lison', 0),
(9120, 'DISCOBOL', '11 rue des sports', '85100', 'LA ROCHE SUR YON', 'Hercule', 8);

INSERT INTO `vente` (`CODART`, `NUMFOU`, `DELLIV`, `QTE1`, `PRIX1`, `QTE2`, `PRIX2`, `QTE3`, `PRIX3`) VALUES
('B001', 8700, 15, 0, '150', 50, '145', 100, '140'),
('B002', 8700, 15, 0, '210', 50, '200', 100, '185'),
('D035', 120, 0, 0, '40', 0, '0', 0, '0'),
('D035', 9120, 5, 0, '40', 100, '30', 0, '0'),
('I100', 120, 90, 0, '700', 50, '600', 120, '500'),
('I100', 540, 70, 0, '710', 60, '630', 100, '600'),
('I100', 9120, 60, 0, '800', 70, '600', 90, '500'),
('I100', 9150, 90, 0, '650', 90, '600', 200, '590'),
('I100', 9180, 30, 0, '720', 50, '670', 100, '490'),
('I105', 120, 90, 10, '705', 50, '630', 120, '500'),
('I105', 540, 70, 0, '810', 60, '645', 100, '600'),
('I105', 8700, 30, 0, '720', 50, '670', 100, '510'),
('I105', 9120, 60, 0, '920', 70, '800', 90, '700'),
('I105', 9150, 90, 0, '685', 90, '600', 200, '590'),
('I108', 120, 90, 5, '795', 30, '720', 100, '680'),
('I108', 9120, 60, 0, '920', 70, '820', 100, '780'),
('I110', 9120, 60, 0, '950', 70, '850', 90, '790'),
('I110', 9180, 90, 0, '900', 70, '870', 90, '835'),
('P220', 120, 15, 0, '3700', 100, '3500', 0, '0'),
('P220', 8700, 20, 50, '3500', 100, '3350', 0, '0'),
('P230', 120, 30, 0, '5200', 100, '5000', 0, '0'),
('P230', 8700, 60, 0, '5000', 50, '4900', 0, '0'),
('P240', 120, 15, 0, '2200', 100, '2000', 0, '0'),
('P250', 120, 30, 0, '1500', 100, '1400', 500, '1200'),
('P250', 9120, 30, 0, '1500', 100, '1400', 500, '1200'),
('R080', 9120, 10, 0, '120', 100, '100', 0, '0'),
('R132', 9120, 5, 0, '275', 0, '0', 0, '0');